var,term,PR,conf.low,conf.high,p.value
accidente,No (REF),1,NA,NA,NA
accidente,Yes,1.5863414871198385,1.0970599242963597,2.2938394321273003,0.01420487966477426
dis_accidente,None (REF) (REF),1,NA,NA,NA
dis_accidente,Motor disability,2.3240137527546367,1.0596015911756371,5.097236516038247,0.03536069423100101
dis_accidente,Speaking/hearing disability,13.223197856320276,3.271034588398539,53.45494118819428,2.9859041704716454e-4
dis_accidente,Visual disability/Blindness,15.65663689377647,6.664699415793148,36.78039526324088,3.5904116545606303e-10
dis_accidente,Other physical/mental disability,1.1442387937540224,0.356670719873885,3.670843565725296,0.8206485403497242
